out:Location,out:House,out:Construction,out:EUI Heating (kBTU/sf),out:Peak Heating (kW),out:EUI Cooling (kBTU/sf),out:Peak Cooling(kW)
Miami,CFV,2BeadWall_U0.033,2099,915106,40458,771939
Miami,CFV,3BeadWall_U0.052,2042,9351285,41324,7830755
Miami,CFV,2BeadWall_U0.060,2116,9473557,41879,7962907
Miami,CFV,2BeadWall_U0.071,2116,959107,42402,8055108
Miami,CFV,2BeadWall_0.028,2099,9099983,40229,7681222
Miami,CFV,2BeadWall_0.043,2107,9263175,40948,7802795
Miami,CFV,Wood_Frame_adjusted_CLZ_1_2,2565,9962726,44885,9217101
Miami,CFV,CMU_CLZ_1,223,10863567,48977,9220353
Houston,CFV,2BeadWall_U0.033,12555,16028375,26719,8672958
Houston,CFV,3BeadWall_U0.052,12645,16377431,27323,8790518
Houston,CFV,2BeadWall_U0.060,12792,16565818,27715,8947194
Houston,CFV,2BeadWall_U0.071,12873,16762394,28075,9049543
Houston,CFV,2BeadWall_0.028,12522,1594354,26555,8629255
Houston,CFV,2BeadWall_0.043,12636,1621487,27062,876828
Houston,CFV,Wood_Frame_adjusted_CLZ_1_2,13764,17363225,30084,10478919
Houston,CFV,CMU_CLZ_2,1356,18380423,31701,10119591
Phoenix,CFV,2BeadWall_U0.033,12947,12699572,37672,13182127
Phoenix,CFV,3BeadWall_U0.052,13004,12994451,38645,13375514
Phoenix,CFV,2BeadWall_U0.060,1311,13156394,39184,13574134
Phoenix,CFV,2BeadWall_U0.071,13167,13322325,39739,13719134
Phoenix,CFV,2BeadWall_0.028,12914,12627051,37436,13120001
Phoenix,CFV,2BeadWall_0.043,13004,12858606,38195,13318135
Phoenix,CFV,Wood_Frame_adjusted_CLZ_1_2,14115,13825732,4228,153051
Phoenix,CFV,CMU_CLZ_2,13666,14662288,44869,15117029
Atlanta,CFV,2BeadWall_U0.033,34258,19799459,15569,8235819
Atlanta,CFV,3BeadWall_U0.052,34699,2023873,15994,835653
Atlanta,CFV,2BeadWall_U0.060,34993,20427418,16279,8496774
Atlanta,CFV,2BeadWall_U0.071,35263,20674523,16541,8593024
Atlanta,CFV,2BeadWall_0.028,34136,19693541,15455,8194162
Atlanta,CFV,2BeadWall_0.043,34511,2003243,15814,8326585
Atlanta,CFV,Wood_Frame_adjusted_CLZ_3,35729,20574762,17145,9303694
Atlanta,CFV,CMU_CLZ_3_4,35974,21360969,17742,91227
Las Vegas,CFV,2BeadWall_U0.033,23901,14796583,26743,12769728
Las Vegas,CFV,3BeadWall_U0.052,24178,15150461,27446,12967017
Las Vegas,CFV,2BeadWall_U0.060,24391,15346096,27862,13176807
Las Vegas,CFV,2BeadWall_U0.071,24571,1554616,28279,13307119
Las Vegas,CFV,2BeadWall_0.028,23819,14709478,26563,12705497
Las Vegas,CFV,2BeadWall_0.043,24072,14987705,27135,12910554
Las Vegas,CFV,Wood_Frame_adjusted_CLZ_3,24979,1543538,28638,14086726
Las Vegas,CFV,CMU_CLZ_3_4,2502,16069626,29765,13963413
Los Angeles,CFV,2BeadWall_U0.033,13094,9650352,408,5276434
Los Angeles,CFV,3BeadWall_U0.052,13135,9906026,425,5343523
Los Angeles,CFV,2BeadWall_U0.060,13208,10014891,466,5485054
Los Angeles,CFV,2BeadWall_U0.071,13257,1014691,49,5562192
Los Angeles,CFV,2BeadWall_0.028,1307,9592262,4,524441
Los Angeles,CFV,2BeadWall_0.043,6036,628205,964,4050115
Los Angeles,CFV,Wood_Frame_adjusted_CLZ_3,6625,6587574,1666,4989303
Los Angeles,CFV,CMU_CLZ_3_4,6306,7004791,1634,4720576
Baltimore,CFV,2BeadWall_U0.033,36022,15383968,6918,5945552
Baltimore,CFV,3BeadWall_U0.052,36995,15898596,7098,6022577
Baltimore,CFV,2BeadWall_U0.060,37517,16163359,7286,6187125
Baltimore,CFV,2BeadWall_U0.071,38064,1644825,7425,6277714
Baltimore,CFV,2BeadWall_0.028,35786,15260892,6861,5907689
Baltimore,CFV,2BeadWall_0.043,36545,1565449,7049,6029288
Baltimore,CFV,Wood_Frame_adjusted_CLZ_4_5_6_7_8,37215,15818847,7588,6877478
Baltimore,CFV,CMU_CLZ_3_4,39314,17184067,8144,686264
Albuquerque,CFV,2BeadWall_U0.033,25681,11870495,5734,5450504
Albuquerque,CFV,3BeadWall_U0.052,26441,12341742,5897,5518231
Albuquerque,CFV,2BeadWall_U0.060,26882,12587412,6045,5662656
Albuquerque,CFV,2BeadWall_U0.071,27315,12848842,6159,574244
Albuquerque,CFV,2BeadWall_0.028,25494,11757057,5685,541869
Albuquerque,CFV,2BeadWall_0.043,26098,12119612,584,5523486
Albuquerque,CFV,Wood_Frame_adjusted_CLZ_4_5_6_7_8,26923,12272591,6469,6402502
Albuquerque,CFV,CMU_CLZ_3_4,28352,13524111,6886,6296744
Chicago,CFV,2BeadWall_U0.033,42378,19385596,9369,6225617
Chicago,CFV,3BeadWall_U0.052,43676,20025554,9606,6322176
Chicago,CFV,2BeadWall_U0.060,44158,20347859,9802,6513379
Chicago,CFV,2BeadWall_U0.071,44804,20654823,9965,6620247
Chicago,CFV,2BeadWall_0.028,421,19234118,9296,6180031
Chicago,CFV,2BeadWall_0.043,42998,19719003,9516,6325415
Chicago,CFV,Wood_Frame_adjusted_CLZ_4_5_6_7_8,43015,19914994,9908,7133021
Chicago,CFV,CMU_CLZ_5_4C,4388,2050805,10129,6917977
Boulder,CFV,2BeadWall_U0.033,37852,16354219,4084,5251512
Boulder,CFV,3BeadWall_U0.052,39028,16981068,4158,5317849
Boulder,CFV,2BeadWall_U0.060,39608,17296053,4288,5428532
Boulder,CFV,2BeadWall_U0.071,40254,17638484,4362,5501424
Boulder,CFV,2BeadWall_0.028,37574,16204886,4052,5221758
Boulder,CFV,2BeadWall_0.043,38465,16681896,4158,5316081
Boulder,CFV,Wood_Frame_adjusted_CLZ_4_5_6_7_8,39184,16872363,4876,6169547
Boulder,CFV,CMU_CLZ_5_4C,39625,17448592,4762,589869
Seattle,CFV,2BeadWall_U0.033,29913,11545799,898,4924302
Seattle,CFV,3BeadWall_U0.052,30787,11976927,89,497502
Seattle,CFV,2BeadWall_U0.060,31268,12163994,964,5119461
Seattle,CFV,2BeadWall_U0.071,31759,12389756,988,5192122
Seattle,CFV,2BeadWall_0.028,297,11448052,89,4893262
Seattle,CFV,2BeadWall_0.043,30386,11760501,923,4992164
Seattle,CFV,Wood_Frame_adjusted_CLZ_4_5_6_7_8,31228,11898581,1405,5940497
Seattle,CFV,CMU_CLZ_5_4C,31612,12277339,125,5642699
Minneapolis,CFV,2BeadWall_U0.033,59335,23026537,5987,6056175
Minneapolis,CFV,3BeadWall_U0.052,61254,23823075,6102,6140556
Minneapolis,CFV,2BeadWall_U0.060,61663,241432,629,631466
Minneapolis,CFV,2BeadWall_U0.071,62513,24551335,6404,6410444
Minneapolis,CFV,2BeadWall_0.028,58976,22901591,5938,6015786
Minneapolis,CFV,2BeadWall_0.043,60144,23414163,6094,6145441
Minneapolis,CFV,Wood_Frame_adjusted_CLZ_4_5_6_7_8,59695,23684199,6682,6994993
Minneapolis,CFV,CMU_CLZ_6,60397,24156261,6666,6722108
Helena,CFV,2BeadWall_U0.033,56207,21501895,2287,5848319
Helena,CFV,3BeadWall_U0.052,57971,22264919,2312,5922028
Helena,CFV,2BeadWall_U0.060,58649,22590736,2426,6045124
Helena,CFV,2BeadWall_U0.071,59539,23002793,2483,6123962
Helena,CFV,2BeadWall_0.028,55814,21321253,2263,5815789
Helena,CFV,2BeadWall_0.043,57064,21897879,2336,5908921
Helena,CFV,Wood_Frame_adjusted_CLZ_4_5_6_7_8,57522,22120825,2924,6855763
Helena,CFV,CMU_CLZ_6,58004,22599844,2777,653648
Duluth,CFV,2BeadWall_U0.033,5967,23322382,931,4349015
Duluth,CFV,3BeadWall_U0.052,61753,24073418,915,4407462
Duluth,CFV,2BeadWall_U0.060,61982,24458314,997,4525456
Duluth,CFV,2BeadWall_U0.071,62823,24874287,1021,4591118
Duluth,CFV,2BeadWall_0.028,59302,23143224,915,4321508
Duluth,CFV,2BeadWall_0.043,60478,23716359,956,4410789
Duluth,CFV,Wood_Frame_adjusted_CLZ_4_5_6_7_8,58976,23939234,1299,5227431
Duluth,CFV,CMU_CLZ_7_8,58771,23900154,1201,4893229
Fairbanks,CFV,2BeadWall_U0.033,5713,32361685,171,4250945
Fairbanks,CFV,3BeadWall_U0.052,59204,33385915,163,4346293
Fairbanks,CFV,2BeadWall_U0.060,58894,33777996,212,4477869
Fairbanks,CFV,2BeadWall_U0.071,59531,34287338,221,4559515
Fairbanks,CFV,2BeadWall_0.028,56852,32132618,163,4220702
Fairbanks,CFV,2BeadWall_0.043,5775,32860879,18,4330523
Fairbanks,CFV,Wood_Frame_adjusted_CLZ_4_5_6_7_8,55014,33198917,376,5214872
Fairbanks,CFV,CMU_CLZ_7_8,54908,33148404,319,487564
Miami,GLO1,2BeadWall_U0.033,1356,76213,34702,7218176
Miami,GLO1,3BeadWall_U0.052,132,7750395,35145,7245631
Miami,GLO1,2BeadWall_U0.060,137,7835714,35459,7369776
Miami,GLO1,2BeadWall_U0.071,1378,7913843,3573,7425467
Miami,GLO1,2BeadWall_0.028,1356,7587343,34581,7193951
Miami,GLO1,2BeadWall_0.043,1363,7695838,34959,7270855
Miami,GLO1,Wood_Frame_adjusted_CLZ_1_2,1585,8167114,36972,8055874
Miami,GLO1,CMU_CLZ_1,1413,8766484,39228,8108058
Houston,GLO1,2BeadWall_U0.033,8794,13523341,22761,8028926
Houston,GLO1,3BeadWall_U0.052,8851,13749219,23076,8070986
Houston,GLO1,2BeadWall_U0.060,8943,13878293,23297,820596
Houston,GLO1,2BeadWall_U0.071,9,14008094,2349,8270984
Houston,GLO1,2BeadWall_0.028,8765,13467305,22683,8000599
Houston,GLO1,2BeadWall_0.043,8843,13646522,22947,8090506
Houston,GLO1,Wood_Frame_adjusted_CLZ_1_2,9443,14389197,2451,9047809
Houston,GLO1,CMU_CLZ_2,9386,15058165,25402,8891481
Phoenix,GLO1,2BeadWall_U0.033,8936,10720139,31091,11883504
Phoenix,GLO1,3BeadWall_U0.052,8972,10910011,31605,11976031
Phoenix,GLO1,2BeadWall_U0.060,9058,11021048,31919,12138452
Phoenix,GLO1,2BeadWall_U0.071,91,11130398,32226,12232104
Phoenix,GLO1,2BeadWall_0.028,8915,10672395,30955,11842902
Phoenix,GLO1,2BeadWall_0.043,8979,10824866,31376,11972091
Phoenix,GLO1,Wood_Frame_adjusted_CLZ_1_2,9586,11447162,33553,13103881
Phoenix,GLO1,CMU_CLZ_2,94,11996472,35009,13081865
Atlanta,GLO1,2BeadWall_U0.033,25195,16979621,13775,7705059
Atlanta,GLO1,3BeadWall_U0.052,25452,17261858,13975,7751161
Atlanta,GLO1,2BeadWall_U0.060,25645,17419216,14154,7871379
Atlanta,GLO1,2BeadWall_U0.071,25809,17580287,14289,7932892
Atlanta,GLO1,2BeadWall_0.028,25124,16910343,13718,7678468
Atlanta,GLO1,2BeadWall_0.043,25352,17132025,13904,7762872
Atlanta,GLO1,Wood_Frame_adjusted_CLZ_3,26002,17468326,14582,8303586
Atlanta,GLO1,CMU_CLZ_3_4,26194,17981833,14903,823147
Las Vegas,GLO1,2BeadWall_U0.033,1703,12652462,22404,11634946
Las Vegas,GLO1,3BeadWall_U0.052,17194,12879503,22768,11750067
Las Vegas,GLO1,2BeadWall_U0.060,17337,13012671,23011,11899095
Las Vegas,GLO1,2BeadWall_U0.071,17451,1314387,2324,11996428
Las Vegas,GLO1,2BeadWall_0.028,1698,125954,22312,11593176
Las Vegas,GLO1,2BeadWall_0.043,17137,12777708,22619,11726618
Las Vegas,GLO1,Wood_Frame_adjusted_CLZ_3,1763,13052983,23389,12414481
Las Vegas,GLO1,CMU_CLZ_3_4,17694,1346754,24018,12371255
Los Angeles,GLO1,2BeadWall_U0.033,8708,8246801,928,5181768
Los Angeles,GLO1,3BeadWall_U0.052,8743,8418546,928,5187599
Los Angeles,GLO1,2BeadWall_U0.060,8822,8486321,985,5308494
Los Angeles,GLO1,2BeadWall_U0.071,8858,8573128,1006,5355426
Los Angeles,GLO1,2BeadWall_0.028,8686,8208674,921,5161402
Los Angeles,GLO1,2BeadWall_0.043,3576,5277801,1941,4078606
Los Angeles,GLO1,Wood_Frame_adjusted_CLZ_3,3897,5468833,2334,4603567
Los Angeles,GLO1,CMU_CLZ_3_4,3783,5742011,2313,4457977
Baltimore,GLO1,2BeadWall_U0.033,27279,13071257,5717,5255373
Baltimore,GLO1,3BeadWall_U0.052,27829,13402727,5803,5297618
Baltimore,GLO1,2BeadWall_U0.060,28143,13581407,5917,5408066
Baltimore,GLO1,2BeadWall_U0.071,28464,13767878,5988,5464195
Baltimore,GLO1,2BeadWall_0.028,27144,12990709,5689,5230999
Baltimore,GLO1,2BeadWall_0.043,27579,13248316,5788,5308351
Baltimore,GLO1,Wood_Frame_adjusted_CLZ_4_5_6_7_8,27908,13336737,6031,5721212
Baltimore,GLO1,CMU_CLZ_3_4,29135,1422945,6331,5736725
Albuquerque,GLO1,2BeadWall_U0.033,19371,10025896,4875,4885283
Albuquerque,GLO1,3BeadWall_U0.052,19792,10329209,4939,4899112
Albuquerque,GLO1,2BeadWall_U0.060,20063,10495462,5039,500033
Albuquerque,GLO1,2BeadWall_U0.071,20321,10666711,5096,5047945
Albuquerque,GLO1,2BeadWall_0.028,19257,9951614,4846,4864958
Albuquerque,GLO1,2BeadWall_0.043,19614,10189045,4932,4929636
Albuquerque,GLO1,Wood_Frame_adjusted_CLZ_4_5_6_7_8,19992,10299749,521,5341069
Albuquerque,GLO1,CMU_CLZ_3_4,20834,11120449,5432,5305183
Chicago,GLO1,2BeadWall_U0.033,31769,16497758,7473,5483636
Chicago,GLO1,3BeadWall_U0.052,32526,16910328,7594,5527684
Chicago,GLO1,2BeadWall_U0.060,32804,17126754,7716,5662256
Chicago,GLO1,2BeadWall_U0.071,33182,17357491,7801,5728364
Chicago,GLO1,2BeadWall_0.028,31605,16398744,7437,5455437
Chicago,GLO1,2BeadWall_0.043,32133,16715695,7559,5545423
Chicago,GLO1,Wood_Frame_adjusted_CLZ_4_5_6_7_8,32204,16823525,773,5934124
Chicago,GLO1,CMU_CLZ_5_4C,32711,17210556,7858,5832035
Boulder,GLO1,2BeadWall_U0.033,28293,13861526,3547,4720388
Boulder,GLO1,3BeadWall_U0.052,28964,14265728,3569,4749892
Boulder,GLO1,2BeadWall_U0.060,29306,14477512,3647,4835623
Boulder,GLO1,2BeadWall_U0.071,2967,1470146,369,4878218
Boulder,GLO1,2BeadWall_0.028,28136,13763879,3526,4701634
Boulder,GLO1,2BeadWall_0.043,2865,14075821,3583,4760828
Boulder,GLO1,Wood_Frame_adjusted_CLZ_4_5_6_7_8,29035,14179816,389,5168298
Boulder,GLO1,CMU_CLZ_5_4C,29299,14555811,384,5021594
Seattle,GLO1,2BeadWall_U0.033,22419,9769197,857,4299947
Seattle,GLO1,3BeadWall_U0.052,22911,10025488,842,4300683
Seattle,GLO1,2BeadWall_U0.060,23204,10174955,899,442231
Seattle,GLO1,2BeadWall_U0.071,2349,10323142,914,4467516
Seattle,GLO1,2BeadWall_0.028,2229,970506,857,4280207
Seattle,GLO1,2BeadWall_0.043,2269,9910106,871,4342693
Seattle,GLO1,Wood_Frame_adjusted_CLZ_4_5_6_7_8,23054,10012289,1085,477776
Seattle,GLO1,CMU_CLZ_5_4C,23318,10261643,1006,4613903
Minneapolis,GLO1,2BeadWall_U0.033,44588,19653053,4939,534539
Minneapolis,GLO1,3BeadWall_U0.052,45723,20186599,4989,5378961
Minneapolis,GLO1,2BeadWall_U0.060,45944,20381362,5103,5506772
Minneapolis,GLO1,2BeadWall_U0.071,46436,20647521,516,5566423
Minneapolis,GLO1,2BeadWall_0.028,44374,19538042,4911,5319601
Minneapolis,GLO1,2BeadWall_0.043,45059,19905857,4996,5401438
Minneapolis,GLO1,Wood_Frame_adjusted_CLZ_4_5_6_7_8,45009,20080886,5246,5804359
Minneapolis,GLO1,CMU_CLZ_6,45423,20388264,5239,5657229
Helena,GLO1,2BeadWall_U0.033,42111,18314341,2006,5177678
Helena,GLO1,3BeadWall_U0.052,43132,18806761,2013,5212676
Helena,GLO1,2BeadWall_U0.060,43531,19005606,2084,5310296
Helena,GLO1,2BeadWall_U0.071,44045,19274515,2113,5358644
Helena,GLO1,2BeadWall_0.028,41883,18196411,1998,5156504
Helena,GLO1,2BeadWall_0.043,42604,18572905,2034,5224004
Helena,GLO1,Wood_Frame_adjusted_CLZ_4_5_6_7_8,42925,18697666,2291,5667966
Helena,GLO1,CMU_CLZ_6,43217,19009701,222,5490215
Duluth,GLO1,2BeadWall_U0.033,4426,19915176,864,3886457
Duluth,GLO1,3BeadWall_U0.052,45494,20397615,842,3907941
Duluth,GLO1,2BeadWall_U0.060,45594,20656904,899,399567
Duluth,GLO1,2BeadWall_U0.071,46087,20928386,914,4035798
Duluth,GLO1,2BeadWall_0.028,44053,19798166,857,3868732
Duluth,GLO1,2BeadWall_0.043,44723,20172471,878,3924672
Duluth,GLO1,Wood_Frame_adjusted_CLZ_4_5_6_7_8,44317,20288848,1035,4310284
Duluth,GLO1,CMU_CLZ_7_8,44188,20312615,978,4118857
Fairbanks,GLO1,2BeadWall_U0.033,42147,27775054,193,3651092
Fairbanks,GLO1,3BeadWall_U0.052,4346,28464272,185,3687268
Fairbanks,GLO1,2BeadWall_U0.060,43217,28699597,214,3778558
Fairbanks,GLO1,2BeadWall_U0.071,4361,29032448,221,3830434
Fairbanks,GLO1,2BeadWall_0.028,41983,27625717,185,3628302
Fairbanks,GLO1,2BeadWall_0.043,42525,28100765,2,3700465
Fairbanks,GLO1,Wood_Frame_adjusted_CLZ_4_5_6_7_8,41383,28320698,286,4075706
Fairbanks,GLO1,CMU_CLZ_7_8,41333,28286847,25,3884796
Miami,WRD,2BeadWall_U0.033,1523,10134631,40639,9630963
Miami,WRD,3BeadWall_U0.052,1485,1031761,41209,9701477
Miami,WRD,2BeadWall_U0.060,1536,10415003,41554,9839737
Miami,WRD,2BeadWall_U0.071,1542,10517524,41894,9917359
Miami,WRD,2BeadWall_0.028,1517,10090373,40498,959797
Miami,WRD,2BeadWall_0.043,1529,10231927,40959,9703392
Miami,WRD,Wood_Frame_adjusted_CLZ_1_2,2028,10854441,43615,1136283
Miami,WRD,CMU_CLZ_1,1785,11653375,46424,11427104
Houston,WRD,2BeadWall_U0.033,10251,17899802,26901,10750341
Houston,WRD,3BeadWall_U0.052,10321,18229853,27285,10839566
Houston,WRD,2BeadWall_U0.060,10424,18362795,27534,10992853
Houston,WRD,2BeadWall_U0.071,10488,185325,27765,11082264
Houston,WRD,2BeadWall_0.028,10225,17826849,26798,10711907
Houston,WRD,2BeadWall_0.043,10315,18060298,27119,10834566
Houston,WRD,Wood_Frame_adjusted_CLZ_1_2,1139,19062813,29358,1278476
Houston,WRD,CMU_CLZ_2,11236,19945328,30395,12510758
Phoenix,WRD,2BeadWall_U0.033,10251,14129667,36685,15708555
Phoenix,WRD,3BeadWall_U0.052,10302,14411989,37318,15865324
Phoenix,WRD,2BeadWall_U0.060,10392,1452409,37676,160528
Phoenix,WRD,2BeadWall_U0.071,10443,14667715,38041,16179952
Phoenix,WRD,2BeadWall_0.028,10232,14067185,36531,15654057
Phoenix,WRD,2BeadWall_0.043,10302,14266813,3703,15827856
Phoenix,WRD,Wood_Frame_adjusted_CLZ_1_2,11441,15114848,40134,17998891
Phoenix,WRD,CMU_CLZ_2,11109,15843156,41772,17879516
Atlanta,WRD,2BeadWall_U0.033,29077,22375186,16221,10311443
Atlanta,WRD,3BeadWall_U0.052,2939,22747449,16477,10402465
Atlanta,WRD,2BeadWall_U0.060,29608,22946812,16663,10538102
Atlanta,WRD,2BeadWall_U0.071,298,23156771,16829,10622199
Atlanta,WRD,2BeadWall_0.028,28993,22285281,16151,10275412
Atlanta,WRD,2BeadWall_0.043,29262,22573138,16375,10390001
Atlanta,WRD,Wood_Frame_adjusted_CLZ_3,30459,23046186,17642,11700629
Atlanta,WRD,CMU_CLZ_3_4,30612,2371685,17962,11533845
Las Vegas,WRD,2BeadWall_U0.033,19651,16741021,266,15582489
Las Vegas,WRD,3BeadWall_U0.052,19849,17077323,27048,15736577
Las Vegas,WRD,2BeadWall_U0.060,20003,17209603,27323,15935391
Las Vegas,WRD,2BeadWall_U0.071,20131,1738069,27592,16065931
Las Vegas,WRD,2BeadWall_0.028,19593,1666694,26492,15526727
Las Vegas,WRD,2BeadWall_0.043,19772,16903758,2685,15704617
Las Vegas,WRD,Wood_Frame_adjusted_CLZ_3,20713,1732139,28168,17249763
Las Vegas,WRD,CMU_CLZ_3_4,2072,1786622,2884,17150535
Los Angeles,WRD,2BeadWall_U0.033,9912,10925874,1273,7090457
Los Angeles,WRD,3BeadWall_U0.052,997,11126793,1286,7128844
Los Angeles,WRD,2BeadWall_U0.060,1004,11236705,1337,726692
Los Angeles,WRD,2BeadWall_U0.071,10085,11349808,1363,7332034
Los Angeles,WRD,2BeadWall_0.028,9886,10876587,1267,7062213
Los Angeles,WRD,2BeadWall_0.043,4006,7000565,2681,5679059
Los Angeles,WRD,Wood_Frame_adjusted_CLZ_3,4754,7274591,3782,6983148
Los Angeles,WRD,CMU_CLZ_3_4,4524,763378,3577,67493
Baltimore,WRD,2BeadWall_U0.033,31003,17214372,6815,7187135
Baltimore,WRD,3BeadWall_U0.052,31662,17683502,6924,7254131
Baltimore,WRD,2BeadWall_U0.060,3202,17876087,7045,7395293
Baltimore,WRD,2BeadWall_U0.071,32391,18118557,7135,7472591
Baltimore,WRD,2BeadWall_0.028,30843,17110108,6776,7154183
Baltimore,WRD,2BeadWall_0.043,31355,17443768,6892,7258989
Baltimore,WRD,Wood_Frame_adjusted_CLZ_4_5_6_7_8,31994,17619199,748,8382044
Baltimore,WRD,CMU_CLZ_3_4,33402,18782009,78,8372123
Albuquerque,WRD,2BeadWall_U0.033,21494,1324078,5734,6681025
Albuquerque,WRD,3BeadWall_U0.052,22006,13650246,5836,6727459
Albuquerque,WRD,2BeadWall_U0.060,22307,13826367,5932,6859793
Albuquerque,WRD,2BeadWall_U0.071,22601,14049208,6009,6925706
Albuquerque,WRD,2BeadWall_0.028,21366,1314496,5702,6652548
Albuquerque,WRD,2BeadWall_0.043,21776,13451516,5804,674312
Albuquerque,WRD,Wood_Frame_adjusted_CLZ_4_5_6_7_8,22601,13594461,654,7915483
Albuquerque,WRD,CMU_CLZ_3_4,23529,14662432,6738,7837405
Chicago,WRD,2BeadWall_U0.033,36595,21756355,8978,7540398
Chicago,WRD,3BeadWall_U0.052,37478,2229633,9131,7624738
Chicago,WRD,2BeadWall_U0.060,3783,22570472,9259,7785578
Chicago,WRD,2BeadWall_U0.071,38278,2286984,9362,7877066
Chicago,WRD,2BeadWall_0.028,36403,21628462,8933,7501519
Chicago,WRD,2BeadWall_0.043,37024,22038114,9074,7625275
Chicago,WRD,Wood_Frame_adjusted_CLZ_4_5_6_7_8,36979,22214772,9451,8689191
Chicago,WRD,CMU_CLZ_5_4C,37549,22716369,9573,8520437
Boulder,WRD,2BeadWall_U0.033,32007,18286164,4057,6469689
Boulder,WRD,3BeadWall_U0.052,32794,18850481,4102,65235
Boulder,WRD,2BeadWall_U0.060,33197,19083358,4191,6633868
Boulder,WRD,2BeadWall_U0.071,33633,19373793,4236,6678006
Boulder,WRD,2BeadWall_0.028,31815,18160015,4038,6443357
Boulder,WRD,2BeadWall_0.043,32423,18563224,4102,6526782
Boulder,WRD,Wood_Frame_adjusted_CLZ_4_5_6_7_8,33153,1876206,4901,7602599
Boulder,WRD,CMU_CLZ_5_4C,33383,19251762,4774,7397706
Seattle,WRD,2BeadWall_U0.033,25691,1295169,1113,5944644
Seattle,WRD,3BeadWall_U0.052,2628,1330167,1094,599426
Seattle,WRD,2BeadWall_U0.060,26619,13475887,1152,6116622
Seattle,WRD,2BeadWall_U0.071,26958,13668014,1171,6180316
Seattle,WRD,2BeadWall_0.028,25544,12869107,1101,591699
Seattle,WRD,2BeadWall_0.043,26012,13133396,1126,6004545
Seattle,WRD,Wood_Frame_adjusted_CLZ_4_5_6_7_8,26811,13264044,176,716562
Seattle,WRD,CMU_CLZ_5_4C,27074,13588047,1619,6935159
Minneapolis,WRD,2BeadWall_U0.033,51274,25908286,6002,7295216
Minneapolis,WRD,3BeadWall_U0.052,52586,26536505,6072,7370441
Minneapolis,WRD,2BeadWall_U0.060,52887,26848311,6194,7519126
Minneapolis,WRD,2BeadWall_U0.071,53482,27192823,6265,7602276
Minneapolis,WRD,2BeadWall_0.028,51018,25760226,597,7259981
Minneapolis,WRD,2BeadWall_0.043,51831,26234119,6066,737259
Minneapolis,WRD,Wood_Frame_adjusted_CLZ_4_5_6_7_8,51306,26430331,6693,8460929
Minneapolis,WRD,CMU_CLZ_6,51767,26828689,6642,8225925
Helena,WRD,2BeadWall_U0.033,47902,24129334,2432,7055158
Helena,WRD,3BeadWall_U0.052,49105,2477184,2451,7131893
Helena,WRD,2BeadWall_U0.060,49585,25088096,2521,7237989
Helena,WRD,2BeadWall_U0.071,50199,2543579,2559,7305575
Helena,WRD,2BeadWall_0.028,4764,23977222,2419,7025639
Helena,WRD,2BeadWall_0.043,48491,24463101,2464,7118969
Helena,WRD,Wood_Frame_adjusted_CLZ_4_5_6_7_8,48926,24661264,3155,8271424
Helena,WRD,CMU_CLZ_6,4922,25065425,302,8015676
Duluth,WRD,2BeadWall_U0.033,51217,26191558,1088,5427577
Duluth,WRD,3BeadWall_U0.052,52637,26874829,1069,5467199
Duluth,WRD,2BeadWall_U0.060,52836,27151017,1133,5579617
Duluth,WRD,2BeadWall_U0.071,53424,27503001,1145,5635405
Duluth,WRD,2BeadWall_0.028,50967,26040501,1075,5403106
Duluth,WRD,2BeadWall_0.043,5178,26524031,1101,548061
Duluth,WRD,Wood_Frame_adjusted_CLZ_4_5_6_7_8,50295,26765405,16,6520496
Duluth,WRD,CMU_CLZ_7_8,50122,26733729,1491,6233369
Fairbanks,WRD,2BeadWall_U0.033,49623,36588178,224,5105341
Fairbanks,WRD,3BeadWall_U0.052,51101,37385746,224,5180071
Fairbanks,WRD,2BeadWall_U0.060,50903,37775645,256,5306473
Fairbanks,WRD,2BeadWall_U0.071,51364,38204286,262,5380815
Fairbanks,WRD,2BeadWall_0.028,49418,36396706,224,5073865
Fairbanks,WRD,2BeadWall_0.043,50071,37006099,237,517485
Fairbanks,WRD,Wood_Frame_adjusted_CLZ_4_5_6_7_8,46821,37240002,506,6175855
Fairbanks,WRD,CMU_CLZ_7_8,46731,37197596,448,5894203
Miami,WRK,2BeadWall_U0.033,1605,13986888,40592,13552588
Miami,WRK,3BeadWall_U0.052,1577,14179236,41026,13612445
Miami,WRK,2BeadWall_U0.060,1619,14299573,41296,13769547
Miami,WRK,2BeadWall_U0.071,1623,14414044,41557,13850003
Miami,WRK,2BeadWall_0.028,1605,13937572,4048,13518141
Miami,WRK,2BeadWall_0.043,1609,14095339,40834,13627717
Miami,WRK,Wood_Frame_adjusted_CLZ_1_2,2113,14791202,4298,15726093
Miami,WRK,CMU_CLZ_1,1899,15680011,45201,15742662
Houston,WRK,2BeadWall_U0.033,105,24548697,27088,15051403
Houston,WRK,3BeadWall_U0.052,10556,24960751,27377,1513624
Houston,WRK,2BeadWall_U0.060,10645,25064386,27573,15308054
Houston,WRK,2BeadWall_U0.071,10696,25253608,2775,15403654
Houston,WRK,2BeadWall_0.028,10477,244675,27009,15010723
Houston,WRK,2BeadWall_0.043,10552,24727379,27256,15140129
Houston,WRK,Wood_Frame_adjusted_CLZ_1_2,11578,25920988,29159,17597943
Houston,WRK,CMU_CLZ_2,11433,26905045,29943,17221043
Phoenix,WRK,2BeadWall_U0.033,10402,19411087,3714,21774032
Phoenix,WRK,3BeadWall_U0.052,10439,19692,37625,21937563
Phoenix,WRK,2BeadWall_U0.060,10514,19848547,37915,22141931
Phoenix,WRK,2BeadWall_U0.071,10556,20008139,38199,22278447
Phoenix,WRK,2BeadWall_0.028,10384,19341912,37019,21716043
Phoenix,WRK,2BeadWall_0.043,10439,19563053,37406,21900992
Phoenix,WRK,Wood_Frame_adjusted_CLZ_1_2,11536,20506711,40079,24602799
Phoenix,WRK,CMU_CLZ_2,11237,21319696,4131,24430137
Atlanta,WRK,2BeadWall_U0.033,29299,306085,16401,14464524
Atlanta,WRK,3BeadWall_U0.052,29555,30993124,16588,14549846
Atlanta,WRK,2BeadWall_U0.060,29737,31245073,16737,14703867
Atlanta,WRK,2BeadWall_U0.071,29896,31479063,16863,1479232
Atlanta,WRK,2BeadWall_0.028,29229,30508422,16345,14426521
Atlanta,WRK,2BeadWall_0.043,29453,30828874,16517,14547414
Atlanta,WRK,Wood_Frame_adjusted_CLZ_3,30624,31445223,17744,16293734
Atlanta,WRK,CMU_CLZ_3_4,30745,32189734,17954,16076507
Las Vegas,WRK,2BeadWall_U0.033,19811,23032957,27153,21674266
Las Vegas,WRK,3BeadWall_U0.052,19974,23365431,27494,21875994
Las Vegas,WRK,2BeadWall_U0.060,201,23551708,27708,2205296
Las Vegas,WRK,2BeadWall_U0.071,20207,23741484,27913,22193032
Las Vegas,WRK,2BeadWall_0.028,19764,22951099,27069,21614276
Las Vegas,WRK,2BeadWall_0.043,19913,23212937,27344,21805455
Las Vegas,WRK,Wood_Frame_adjusted_CLZ_3,20832,23650574,28576,23876716
Las Vegas,WRK,CMU_CLZ_3_4,20823,24252461,29052,23739851
Los Angeles,WRK,2BeadWall_U0.033,10132,15006931,146,1007787
Los Angeles,WRK,3BeadWall_U0.052,10178,15216291,146,10102937
Los Angeles,WRK,2BeadWall_U0.060,10239,15355177,1502,10264816
Los Angeles,WRK,2BeadWall_U0.071,10281,1548195,1521,10333858
Los Angeles,WRK,2BeadWall_0.028,10113,14951716,1451,10047882
Los Angeles,WRK,2BeadWall_0.043,4184,9639496,2874,8140229
Los Angeles,WRK,Wood_Frame_adjusted_CLZ_3,4982,9945457,4091,9863733
Los Angeles,WRK,CMU_CLZ_3_4,4763,10344927,3853,9578358
Baltimore,WRK,2BeadWall_U0.033,30997,23580177,6927,10172222
Baltimore,WRK,3BeadWall_U0.052,31538,24062456,7006,10253396
Baltimore,WRK,2BeadWall_U0.060,31836,24312793,7099,10394692
Baltimore,WRK,2BeadWall_U0.071,32144,2458168,7165,10477206
Baltimore,WRK,2BeadWall_0.028,30861,23464921,6904,10136614
Baltimore,WRK,2BeadWall_0.043,31291,23833941,6988,1024959
Baltimore,WRK,Wood_Frame_adjusted_CLZ_4_5_6_7_8,31939,24001369,7604,11788772
Baltimore,WRK,CMU_CLZ_3_4,33087,25289377,7809,11765004
Albuquerque,WRK,2BeadWall_U0.033,2128,18107161,5999,9559692
Albuquerque,WRK,3BeadWall_U0.052,21695,18549324,6059,9590021
Albuquerque,WRK,2BeadWall_U0.060,21947,18782078,6134,9722463
Albuquerque,WRK,2BeadWall_U0.071,2219,1902924,6185,9793273
Albuquerque,WRK,2BeadWall_0.028,21178,18000785,598,9529689
Albuquerque,WRK,2BeadWall_0.043,21513,18341184,6045,9624923
Albuquerque,WRK,Wood_Frame_adjusted_CLZ_4_5_6_7_8,22367,18498702,6829,11240971
Albuquerque,WRK,CMU_CLZ_3_4,23114,19681246,6927,11116421
Chicago,WRK,2BeadWall_U0.033,3658,29709384,9059,10737931
Chicago,WRK,3BeadWall_U0.052,37308,30405128,9171,10811113
Chicago,WRK,2BeadWall_U0.060,37602,3061399,9269,11002611
Chicago,WRK,2BeadWall_U0.071,37975,30946882,9348,11101008
Chicago,WRK,2BeadWall_0.028,36422,29567331,9021,1069603
Chicago,WRK,2BeadWall_0.043,36935,30022366,9129,10829205
Chicago,WRK,Wood_Frame_adjusted_CLZ_4_5_6_7_8,36898,3031438,9497,12274163
Chicago,WRK,CMU_CLZ_5_4C,37359,30869762,9577,12070207
Boulder,WRK,2BeadWall_U0.033,31766,25042221,4259,9238011
Boulder,WRK,3BeadWall_U0.052,3241,25627798,4282,9265781
Boulder,WRK,2BeadWall_U0.060,32751,259244,4348,9408932
Boulder,WRK,2BeadWall_U0.071,3311,26246267,438,9472493
Boulder,WRK,2BeadWall_0.028,31613,24902821,4245,9210659
Boulder,WRK,2BeadWall_0.043,32107,25348584,4292,9297103
Boulder,WRK,Wood_Frame_adjusted_CLZ_4_5_6_7_8,32876,25538749,514,10794679
Boulder,WRK,CMU_CLZ_5_4C,33054,26078571,501,105465
Seattle,WRK,2BeadWall_U0.033,25875,17754815,1227,8459525
Seattle,WRK,3BeadWall_U0.052,2636,18129652,1204,8479732
Seattle,WRK,2BeadWall_U0.060,2664,18338436,1255,86483
Seattle,WRK,2BeadWall_U0.071,26915,18552502,1269,8718385
Seattle,WRK,2BeadWall_0.028,25758,17662911,1222,8429555
Seattle,WRK,2BeadWall_0.043,26141,1795706,1236,8524856
Seattle,WRK,Wood_Frame_adjusted_CLZ_4_5_6_7_8,26971,18103012,1931,10083964
Seattle,WRK,CMU_CLZ_5_4C,27176,18460021,1796,9804221
Minneapolis,WRK,2BeadWall_U0.033,51069,3533857,6157,10370054
Minneapolis,WRK,3BeadWall_U0.052,52151,36004099,6204,10430714
Minneapolis,WRK,2BeadWall_U0.060,52412,36382213,6297,10612183
Minneapolis,WRK,2BeadWall_U0.071,52902,36764991,6349,10702082
Minneapolis,WRK,2BeadWall_0.028,50859,35174261,6139,10331438
Minneapolis,WRK,2BeadWall_0.043,51535,35700207,6209,10454016
Minneapolis,WRK,Wood_Frame_adjusted_CLZ_4_5_6_7_8,51022,36013396,6843,11919423
Minneapolis,WRK,CMU_CLZ_6,51391,3645434,6792,11639892
Helena,WRK,2BeadWall_U0.033,47626,32928386,2612,10043316
Helena,WRK,3BeadWall_U0.052,48611,3360936,2612,10084432
Helena,WRK,2BeadWall_U0.060,49016,33992344,2673,10233683
Helena,WRK,2BeadWall_U0.071,49529,34378475,2696,10305135
Helena,WRK,2BeadWall_0.028,47402,32759667,2603,100128
Helena,WRK,2BeadWall_0.043,48107,33298655,2636,10109706
Helena,WRK,Wood_Frame_adjusted_CLZ_4_5_6_7_8,48573,33613546,3382,11662992
Helena,WRK,CMU_CLZ_6,48802,34060817,3251,11353559
Duluth,WRK,2BeadWall_U0.033,50775,35828617,1194,7822415
Duluth,WRK,3BeadWall_U0.052,51941,36527458,1171,7865839
Duluth,WRK,2BeadWall_U0.060,52128,36890417,1222,7984764
Duluth,WRK,2BeadWall_U0.071,52622,3728051,1236,8045204
Duluth,WRK,2BeadWall_0.028,50565,35661658,1189,7796315
Duluth,WRK,2BeadWall_0.043,51246,36196279,1204,787865
Duluth,WRK,Wood_Frame_adjusted_CLZ_4_5_6_7_8,49809,36415495,1768,9281246
Duluth,WRK,CMU_CLZ_7_8,4966,36378826,1665,8971566
Fairbanks,WRK,2BeadWall_U0.033,49105,49871093,27,7326322
Fairbanks,WRK,3BeadWall_U0.052,50336,50711015,261,7383332
Fairbanks,WRK,2BeadWall_U0.060,50206,51192069,294,7544516
Fairbanks,WRK,2BeadWall_U0.071,50607,51669151,299,7624796
Fairbanks,WRK,2BeadWall_0.028,48928,49658121,266,7291232
Fairbanks,WRK,2BeadWall_0.043,49488,50335894,275,7402364
Fairbanks,WRK,Wood_Frame_adjusted_CLZ_4_5_6_7_8,46148,50736168,592,8701269
Fairbanks,WRK,CMU_CLZ_7_8,46064,50689301,532,836025
Miami,GLOS,2BeadWall_U0.033,1228,8903452,35651,8341342
Miami,GLOS,3BeadWall_U0.052,1191,9109154,36129,8386236
Miami,GLOS,2BeadWall_U0.060,124,9214529,36456,8523766
Miami,GLOS,2BeadWall_U0.071,1246,9311375,36752,8590887
Miami,GLOS,2BeadWall_0.028,1222,8861055,35524,831245
Miami,GLOS,2BeadWall_0.043,1234,9041137,3593,8404595
Miami,GLOS,Wood_Frame_adjusted_CLZ_1_2,1488,9611608,38107,937796
Miami,GLOS,CMU_CLZ_1,1312,10350212,40508,9424926
Houston,GLOS,2BeadWall_U0.033,8412,15849548,23266,9332855
Houston,GLOS,3BeadWall_U0.052,8473,1610626,23592,9394711
Houston,GLOS,2BeadWall_U0.060,8576,1628954,23828,9544802
Houston,GLOS,2BeadWall_U0.071,863,1645034,24034,9622656
Houston,GLOS,2BeadWall_0.028,8388,15780028,23175,9299122
Houston,GLOS,2BeadWall_0.043,8473,16002295,23459,9406478
Houston,GLOS,Wood_Frame_adjusted_CLZ_1_2,9138,16979905,25165,10630109
Houston,GLOS,CMU_CLZ_2,9072,1780627,26102,10391045
Phoenix,GLOS,2BeadWall_U0.033,8545,12552903,31394,13866537
Phoenix,GLOS,3BeadWall_U0.052,8588,12833505,31944,13990273
Phoenix,GLOS,2BeadWall_U0.060,8672,12926293,32283,14173336
Phoenix,GLOS,2BeadWall_U0.071,8715,13061924,32603,14286822
Phoenix,GLOS,2BeadWall_0.028,8521,12493605,31255,13817887
Phoenix,GLOS,2BeadWall_0.043,8588,12682896,31702,13972834
Phoenix,GLOS,Wood_Frame_adjusted_CLZ_1_2,9271,13509548,34061,15407822
Phoenix,GLOS,CMU_CLZ_2,9066,1418917,35603,15333649
Atlanta,GLOS,2BeadWall_U0.033,2459,19909236,14055,8926144
Atlanta,GLOS,3BeadWall_U0.052,24862,20231553,14279,9019054
Atlanta,GLOS,2BeadWall_U0.060,25068,2045392,14454,9126443
Atlanta,GLOS,2BeadWall_U0.071,25243,2065336,14599,9199873
Atlanta,GLOS,2BeadWall_0.028,24512,19823306,13995,8894032
Atlanta,GLOS,2BeadWall_0.043,24753,20098164,14194,8996026
Atlanta,GLOS,Wood_Frame_adjusted_CLZ_3,25485,20584756,14944,9725243
Atlanta,GLOS,CMU_CLZ_3_4,25685,21218159,15289,9605134
Las Vegas,GLOS,2BeadWall_U0.033,16438,1481577,22606,13553979
Las Vegas,GLOS,3BeadWall_U0.052,16613,15153231,22993,13662507
Las Vegas,GLOS,2BeadWall_U0.060,16758,15262792,23247,13869063
Las Vegas,GLOS,2BeadWall_U0.071,16879,15425491,2349,13985691
Las Vegas,GLOS,2BeadWall_0.028,16383,14744874,22504,1350434
Las Vegas,GLOS,2BeadWall_0.043,16553,14971275,2283,13663327
Las Vegas,GLOS,Wood_Frame_adjusted_CLZ_3,17115,15381283,23683,14541543
Las Vegas,GLOS,CMU_CLZ_3_4,1717,15893043,24336,14486926
Los Angeles,GLOS,2BeadWall_U0.033,8146,9680333,961,5962958
Los Angeles,GLOS,3BeadWall_U0.052,8189,9854606,961,6006498
Los Angeles,GLOS,2BeadWall_U0.060,8261,9976923,1016,6108768
Los Angeles,GLOS,2BeadWall_U0.071,8297,10084399,104,6163124
Los Angeles,GLOS,2BeadWall_0.028,8128,9633102,949,5939444
Los Angeles,GLOS,2BeadWall_0.043,3139,6171335,208,4686001
Los Angeles,GLOS,Wood_Frame_adjusted_CLZ_3,3514,6444237,2522,537696
Los Angeles,GLOS,CMU_CLZ_3_4,3387,6782163,251,5210065
Baltimore,GLOS,2BeadWall_U0.033,26344,15319044,5903,6071626
Baltimore,GLOS,3BeadWall_U0.052,26931,15787114,6,6133647
Baltimore,GLOS,2BeadWall_U0.060,27263,1595001,6114,6252827
Baltimore,GLOS,2BeadWall_U0.071,27602,16180515,6193,6319162
Baltimore,GLOS,2BeadWall_0.028,26199,15219333,5866,6042567
Baltimore,GLOS,2BeadWall_0.043,26665,15538121,5975,6134783
Baltimore,GLOS,Wood_Frame_adjusted_CLZ_4_5_6_7_8,27045,1571988,6247,6681737
Baltimore,GLOS,CMU_CLZ_3_4,2834,16819931,6574,6698353
Albuquerque,GLOS,2BeadWall_U0.033,18421,11794231,4971,5578447
Albuquerque,GLOS,3BeadWall_U0.052,18869,12168873,505,562379
Albuquerque,GLOS,2BeadWall_U0.060,19153,12373226,514,5729608
Albuquerque,GLOS,2BeadWall_U0.071,19419,12584395,5207,5785004
Albuquerque,GLOS,2BeadWall_0.028,18307,11702636,4947,555411
Albuquerque,GLOS,2BeadWall_0.043,18675,11995402,5032,5631363
Albuquerque,GLOS,Wood_Frame_adjusted_CLZ_4_5_6_7_8,19117,12110102,5346,6182781
Albuquerque,GLOS,CMU_CLZ_3_4,19994,13119431,5582,6138145
Chicago,GLOS,2BeadWall_U0.033,30831,19352996,7729,6342751
Chicago,GLOS,3BeadWall_U0.052,3163,19925175,7868,6409891
Chicago,GLOS,2BeadWall_U0.060,31944,20130146,7983,6551245
Chicago,GLOS,2BeadWall_U0.071,32349,20415085,808,6629666
Chicago,GLOS,2BeadWall_0.028,30656,19230593,7693,6309885
Chicago,GLOS,2BeadWall_0.043,31218,19622371,782,6414485
Chicago,GLOS,Wood_Frame_adjusted_CLZ_4_5_6_7_8,31291,19832827,8019,6925168
Chicago,GLOS,CMU_CLZ_5_4C,31823,20309397,8146,6798996
Boulder,GLOS,2BeadWall_U0.033,27045,16251772,3665,5422856
Boulder,GLOS,3BeadWall_U0.052,27747,16813865,3689,5444958
Boulder,GLOS,2BeadWall_U0.060,28122,17012811,3774,555755
Boulder,GLOS,2BeadWall_U0.071,28515,1728937,381,5606866
Boulder,GLOS,2BeadWall_0.028,2687,16131026,3647,5401102
Boulder,GLOS,2BeadWall_0.043,2742,16516597,3701,5469835
Boulder,GLOS,Wood_Frame_adjusted_CLZ_4_5_6_7_8,27862,16722685,4052,5985293
Boulder,GLOS,CMU_CLZ_5_4C,28146,17185771,3998,5831419
Seattle,GLOS,2BeadWall_U0.033,21445,11484407,883,4999912
Seattle,GLOS,3BeadWall_U0.052,21965,118013,865,5007509
Seattle,GLOS,2BeadWall_U0.060,22274,11985082,919,5140574
Seattle,GLOS,2BeadWall_U0.071,2257,12167932,937,5192714
Seattle,GLOS,2BeadWall_0.028,21312,11405247,877,4977219
Seattle,GLOS,2BeadWall_0.043,2173,11658285,895,5049129
Seattle,GLOS,Wood_Frame_adjusted_CLZ_4_5_6_7_8,22135,11760369,1143,5634115
Seattle,GLOS,CMU_CLZ_5_4C,22419,12065858,1064,5444533
Minneapolis,GLOS,2BeadWall_U0.033,43495,23133023,5098,6193556
Minneapolis,GLOS,3BeadWall_U0.052,44693,23790229,5159,6242961
Minneapolis,GLOS,2BeadWall_U0.060,44959,24029833,5274,6384854
Minneapolis,GLOS,2BeadWall_U0.071,45497,24357579,534,6455704
Minneapolis,GLOS,2BeadWall_0.028,43265,22991376,5068,6163017
Minneapolis,GLOS,2BeadWall_0.043,44003,23444302,5159,6260135
Minneapolis,GLOS,Wood_Frame_adjusted_CLZ_4_5_6_7_8,43906,23674662,5449,678472
Minneapolis,GLOS,CMU_CLZ_6,44348,24053042,5443,6623717
Helena,GLOS,2BeadWall_U0.033,40743,21499066,2056,6007889
Helena,GLOS,3BeadWall_U0.052,41826,22169844,2062,6035147
Helena,GLOS,2BeadWall_U0.060,42262,22414407,2135,6161463
Helena,GLOS,2BeadWall_U0.071,42818,22745433,2165,6217535
Helena,GLOS,2BeadWall_0.028,40502,21353518,2044,5982937
Helena,GLOS,2BeadWall_0.043,4127,21818147,208,6061797
Helena,GLOS,Wood_Frame_adjusted_CLZ_4_5_6_7_8,41615,22050126,2371,664524
Helena,GLOS,CMU_CLZ_6,41935,22434212,2304,6440687
Duluth,GLOS,2BeadWall_U0.033,42836,23440625,883,4481349
Duluth,GLOS,3BeadWall_U0.052,4413,24035412,865,4513725
Duluth,GLOS,2BeadWall_U0.060,44293,24353912,925,460817
Duluth,GLOS,2BeadWall_U0.071,44832,24688178,943,4654495
Duluth,GLOS,2BeadWall_0.028,42606,23296536,877,4460798
Duluth,GLOS,2BeadWall_0.043,43344,23757453,901,452573
Duluth,GLOS,Wood_Frame_adjusted_CLZ_4_5_6_7_8,42818,23919792,1095,5047423
Duluth,GLOS,CMU_CLZ_7_8,42679,23887416,1034,4818437
Fairbanks,GLOS,2BeadWall_U0.033,40925,32693883,218,4292516
Fairbanks,GLOS,3BeadWall_U0.052,42322,33542212,212,4359364
Fairbanks,GLOS,2BeadWall_U0.060,42134,33831706,242,4462537
Fairbanks,GLOS,2BeadWall_U0.071,4257,34241321,254,4524579
Fairbanks,GLOS,2BeadWall_0.028,40731,32510018,212,4265807
Fairbanks,GLOS,2BeadWall_0.043,41348,33094784,224,4351795
Fairbanks,GLOS,Wood_Frame_adjusted_CLZ_4_5_6_7_8,39885,33383551,333,489808
Fairbanks,GLOS,CMU_CLZ_7_8,39824,33342174,296,4663632
